TimeGenerated [UTC],Computer,_ResourceId,InstanceName,avg_CounterValue
"9/21/2022, 12:15:00.000 AM",lvm-hack22-aad,/subscriptions/de4b1e8f-ffc8-4de9-91c2-9b48c024e2b7/resourcegroups/rg-hack22-aad-general/providers/microsoft.compute/virtualmachines/lvm-hack22-aad,total,7.822094464
"9/21/2022, 12:15:00.000 AM",lvm-hack22-aad,/subscriptions/de4b1e8f-ffc8-4de9-91c2-9b48c024e2b7/resourcegroups/rg-hack22-aad-general/providers/microsoft.compute/virtualmachines/lvm-hack22-aad,cpu1,7.490535396
"9/21/2022, 12:15:00.000 AM",lvm-hack22-aad,/subscriptions/de4b1e8f-ffc8-4de9-91c2-9b48c024e2b7/resourcegroups/rg-hack22-aad-general/providers/microsoft.compute/virtualmachines/lvm-hack22-aad,cpu0,8.150057039
"9/21/2022, 12:30:00.000 AM",lvm-hack22-aad,/subscriptions/de4b1e8f-ffc8-4de9-91c2-9b48c024e2b7/resourcegroups/rg-hack22-aad-general/providers/microsoft.compute/virtualmachines/lvm-hack22-aad,total,1.205134001
"9/21/2022, 12:30:00.000 AM",lvm-hack22-aad,/subscriptions/de4b1e8f-ffc8-4de9-91c2-9b48c024e2b7/resourcegroups/rg-hack22-aad-general/providers/microsoft.compute/virtualmachines/lvm-hack22-aad,cpu1,1.184150152
"9/21/2022, 12:30:00.000 AM",lvm-hack22-aad,/subscriptions/de4b1e8f-ffc8-4de9-91c2-9b48c024e2b7/resourcegroups/rg-hack22-aad-general/providers/microsoft.compute/virtualmachines/lvm-hack22-aad,cpu0,1.228583912
"9/21/2022, 12:45:00.000 AM",lvm-hack22-aad,/subscriptions/de4b1e8f-ffc8-4de9-91c2-9b48c024e2b7/resourcegroups/rg-hack22-aad-general/providers/microsoft.compute/virtualmachines/lvm-hack22-aad,total,1.024944548
"9/21/2022, 12:45:00.000 AM",lvm-hack22-aad,/subscriptions/de4b1e8f-ffc8-4de9-91c2-9b48c024e2b7/resourcegroups/rg-hack22-aad-general/providers/microsoft.compute/virtualmachines/lvm-hack22-aad,cpu0,0.999788328
"9/21/2022, 12:45:00.000 AM",lvm-hack22-aad,/subscriptions/de4b1e8f-ffc8-4de9-91c2-9b48c024e2b7/resourcegroups/rg-hack22-aad-general/providers/microsoft.compute/virtualmachines/lvm-hack22-aad,cpu1,1.047600884
"9/21/2022, 1:00:00.000 AM",lvm-hack22-aad,/subscriptions/de4b1e8f-ffc8-4de9-91c2-9b48c024e2b7/resourcegroups/rg-hack22-aad-general/providers/microsoft.compute/virtualmachines/lvm-hack22-aad,total,1.116129328
"9/21/2022, 1:00:00.000 AM",lvm-hack22-aad,/subscriptions/de4b1e8f-ffc8-4de9-91c2-9b48c024e2b7/resourcegroups/rg-hack22-aad-general/providers/microsoft.compute/virtualmachines/lvm-hack22-aad,cpu1,1.118992833
"9/21/2022, 1:00:00.000 AM",lvm-hack22-aad,/subscriptions/de4b1e8f-ffc8-4de9-91c2-9b48c024e2b7/resourcegroups/rg-hack22-aad-general/providers/microsoft.compute/virtualmachines/lvm-hack22-aad,cpu0,1.11319459
"9/21/2022, 1:15:00.000 AM",lvm-hack22-aad,/subscriptions/de4b1e8f-ffc8-4de9-91c2-9b48c024e2b7/resourcegroups/rg-hack22-aad-general/providers/microsoft.compute/virtualmachines/lvm-hack22-aad,cpu0,1.096516683
"9/21/2022, 1:15:00.000 AM",lvm-hack22-aad,/subscriptions/de4b1e8f-ffc8-4de9-91c2-9b48c024e2b7/resourcegroups/rg-hack22-aad-general/providers/microsoft.compute/virtualmachines/lvm-hack22-aad,total,1.127853919
"9/21/2022, 1:15:00.000 AM",lvm-hack22-aad,/subscriptions/de4b1e8f-ffc8-4de9-91c2-9b48c024e2b7/resourcegroups/rg-hack22-aad-general/providers/microsoft.compute/virtualmachines/lvm-hack22-aad,cpu1,1.159899769
"9/21/2022, 1:30:00.000 AM",lvm-hack22-aad,/subscriptions/de4b1e8f-ffc8-4de9-91c2-9b48c024e2b7/resourcegroups/rg-hack22-aad-general/providers/microsoft.compute/virtualmachines/lvm-hack22-aad,total,1.046580416
"9/21/2022, 1:30:00.000 AM",lvm-hack22-aad,/subscriptions/de4b1e8f-ffc8-4de9-91c2-9b48c024e2b7/resourcegroups/rg-hack22-aad-general/providers/microsoft.compute/virtualmachines/lvm-hack22-aad,cpu1,1.055432252
"9/21/2022, 1:30:00.000 AM",lvm-hack22-aad,/subscriptions/de4b1e8f-ffc8-4de9-91c2-9b48c024e2b7/resourcegroups/rg-hack22-aad-general/providers/microsoft.compute/virtualmachines/lvm-hack22-aad,cpu0,1.037519955
"9/21/2022, 1:45:00.000 AM",lvm-hack22-aad,/subscriptions/de4b1e8f-ffc8-4de9-91c2-9b48c024e2b7/resourcegroups/rg-hack22-aad-general/providers/microsoft.compute/virtualmachines/lvm-hack22-aad,cpu0,1.259389667
"9/21/2022, 1:45:00.000 AM",lvm-hack22-aad,/subscriptions/de4b1e8f-ffc8-4de9-91c2-9b48c024e2b7/resourcegroups/rg-hack22-aad-general/providers/microsoft.compute/virtualmachines/lvm-hack22-aad,total,1.279409359
"9/21/2022, 1:45:00.000 AM",lvm-hack22-aad,/subscriptions/de4b1e8f-ffc8-4de9-91c2-9b48c024e2b7/resourcegroups/rg-hack22-aad-general/providers/microsoft.compute/virtualmachines/lvm-hack22-aad,cpu1,1.300140963
"9/21/2022, 2:00:00.000 AM",lvm-hack22-aad,/subscriptions/de4b1e8f-ffc8-4de9-91c2-9b48c024e2b7/resourcegroups/rg-hack22-aad-general/providers/microsoft.compute/virtualmachines/lvm-hack22-aad,total,8.894342072
"9/21/2022, 2:00:00.000 AM",lvm-hack22-aad,/subscriptions/de4b1e8f-ffc8-4de9-91c2-9b48c024e2b7/resourcegroups/rg-hack22-aad-general/providers/microsoft.compute/virtualmachines/lvm-hack22-aad,cpu0,9.259288427
"9/21/2022, 2:00:00.000 AM",lvm-hack22-aad,/subscriptions/de4b1e8f-ffc8-4de9-91c2-9b48c024e2b7/resourcegroups/rg-hack22-aad-general/providers/microsoft.compute/virtualmachines/lvm-hack22-aad,cpu1,8.53159845
"9/21/2022, 2:15:00.000 AM",lvm-hack22-aad,/subscriptions/de4b1e8f-ffc8-4de9-91c2-9b48c024e2b7/resourcegroups/rg-hack22-aad-general/providers/microsoft.compute/virtualmachines/lvm-hack22-aad,cpu0,1.090031729
"9/21/2022, 2:15:00.000 AM",lvm-hack22-aad,/subscriptions/de4b1e8f-ffc8-4de9-91c2-9b48c024e2b7/resourcegroups/rg-hack22-aad-general/providers/microsoft.compute/virtualmachines/lvm-hack22-aad,total,1.030925237
"9/21/2022, 2:15:00.000 AM",lvm-hack22-aad,/subscriptions/de4b1e8f-ffc8-4de9-91c2-9b48c024e2b7/resourcegroups/rg-hack22-aad-general/providers/microsoft.compute/virtualmachines/lvm-hack22-aad,cpu1,0.970525864
"9/21/2022, 2:30:00.000 AM",lvm-hack22-aad,/subscriptions/de4b1e8f-ffc8-4de9-91c2-9b48c024e2b7/resourcegroups/rg-hack22-aad-general/providers/microsoft.compute/virtualmachines/lvm-hack22-aad,cpu1,1.020491323
"9/21/2022, 2:30:00.000 AM",lvm-hack22-aad,/subscriptions/de4b1e8f-ffc8-4de9-91c2-9b48c024e2b7/resourcegroups/rg-hack22-aad-general/providers/microsoft.compute/virtualmachines/lvm-hack22-aad,total,1.049156347
"9/21/2022, 2:30:00.000 AM",lvm-hack22-aad,/subscriptions/de4b1e8f-ffc8-4de9-91c2-9b48c024e2b7/resourcegroups/rg-hack22-aad-general/providers/microsoft.compute/virtualmachines/lvm-hack22-aad,cpu0,1.077571275
"9/21/2022, 2:45:00.000 AM",lvm-hack22-aad,/subscriptions/de4b1e8f-ffc8-4de9-91c2-9b48c024e2b7/resourcegroups/rg-hack22-aad-general/providers/microsoft.compute/virtualmachines/lvm-hack22-aad,cpu0,1.056344396
"9/21/2022, 2:45:00.000 AM",lvm-hack22-aad,/subscriptions/de4b1e8f-ffc8-4de9-91c2-9b48c024e2b7/resourcegroups/rg-hack22-aad-general/providers/microsoft.compute/virtualmachines/lvm-hack22-aad,total,1.025280439
"9/21/2022, 2:45:00.000 AM",lvm-hack22-aad,/subscriptions/de4b1e8f-ffc8-4de9-91c2-9b48c024e2b7/resourcegroups/rg-hack22-aad-general/providers/microsoft.compute/virtualmachines/lvm-hack22-aad,cpu1,0.99273781
"9/21/2022, 3:00:00.000 AM",lvm-hack22-aad,/subscriptions/de4b1e8f-ffc8-4de9-91c2-9b48c024e2b7/resourcegroups/rg-hack22-aad-general/providers/microsoft.compute/virtualmachines/lvm-hack22-aad,cpu1,1.026497344
"9/21/2022, 3:00:00.000 AM",lvm-hack22-aad,/subscriptions/de4b1e8f-ffc8-4de9-91c2-9b48c024e2b7/resourcegroups/rg-hack22-aad-general/providers/microsoft.compute/virtualmachines/lvm-hack22-aad,cpu0,1.146644112
"9/21/2022, 3:00:00.000 AM",lvm-hack22-aad,/subscriptions/de4b1e8f-ffc8-4de9-91c2-9b48c024e2b7/resourcegroups/rg-hack22-aad-general/providers/microsoft.compute/virtualmachines/lvm-hack22-aad,total,1.085581241
"9/21/2022, 3:15:00.000 AM",lvm-hack22-aad,/subscriptions/de4b1e8f-ffc8-4de9-91c2-9b48c024e2b7/resourcegroups/rg-hack22-aad-general/providers/microsoft.compute/virtualmachines/lvm-hack22-aad,cpu1,0.986444746
"9/21/2022, 3:15:00.000 AM",lvm-hack22-aad,/subscriptions/de4b1e8f-ffc8-4de9-91c2-9b48c024e2b7/resourcegroups/rg-hack22-aad-general/providers/microsoft.compute/virtualmachines/lvm-hack22-aad,cpu0,1.092964253
"9/21/2022, 3:15:00.000 AM",lvm-hack22-aad,/subscriptions/de4b1e8f-ffc8-4de9-91c2-9b48c024e2b7/resourcegroups/rg-hack22-aad-general/providers/microsoft.compute/virtualmachines/lvm-hack22-aad,total,1.040407274
"9/21/2022, 3:30:00.000 AM",lvm-hack22-aad,/subscriptions/de4b1e8f-ffc8-4de9-91c2-9b48c024e2b7/resourcegroups/rg-hack22-aad-general/providers/microsoft.compute/virtualmachines/lvm-hack22-aad,total,1.069475594
"9/21/2022, 3:30:00.000 AM",lvm-hack22-aad,/subscriptions/de4b1e8f-ffc8-4de9-91c2-9b48c024e2b7/resourcegroups/rg-hack22-aad-general/providers/microsoft.compute/virtualmachines/lvm-hack22-aad,cpu0,1.154772795
"9/21/2022, 3:30:00.000 AM",lvm-hack22-aad,/subscriptions/de4b1e8f-ffc8-4de9-91c2-9b48c024e2b7/resourcegroups/rg-hack22-aad-general/providers/microsoft.compute/virtualmachines/lvm-hack22-aad,cpu1,0.985251148
"9/21/2022, 3:45:00.000 AM",lvm-hack22-aad,/subscriptions/de4b1e8f-ffc8-4de9-91c2-9b48c024e2b7/resourcegroups/rg-hack22-aad-general/providers/microsoft.compute/virtualmachines/lvm-hack22-aad,cpu1,1.051852226
"9/21/2022, 3:45:00.000 AM",lvm-hack22-aad,/subscriptions/de4b1e8f-ffc8-4de9-91c2-9b48c024e2b7/resourcegroups/rg-hack22-aad-general/providers/microsoft.compute/virtualmachines/lvm-hack22-aad,cpu0,1.014857046
"9/21/2022, 3:45:00.000 AM",lvm-hack22-aad,/subscriptions/de4b1e8f-ffc8-4de9-91c2-9b48c024e2b7/resourcegroups/rg-hack22-aad-general/providers/microsoft.compute/virtualmachines/lvm-hack22-aad,total,1.034589509
"9/21/2022, 4:00:00.000 AM",lvm-hack22-aad,/subscriptions/de4b1e8f-ffc8-4de9-91c2-9b48c024e2b7/resourcegroups/rg-hack22-aad-general/providers/microsoft.compute/virtualmachines/lvm-hack22-aad,total,1.156532767
"9/21/2022, 4:00:00.000 AM",lvm-hack22-aad,/subscriptions/de4b1e8f-ffc8-4de9-91c2-9b48c024e2b7/resourcegroups/rg-hack22-aad-general/providers/microsoft.compute/virtualmachines/lvm-hack22-aad,cpu0,1.178657288
"9/21/2022, 4:00:00.000 AM",lvm-hack22-aad,/subscriptions/de4b1e8f-ffc8-4de9-91c2-9b48c024e2b7/resourcegroups/rg-hack22-aad-general/providers/microsoft.compute/virtualmachines/lvm-hack22-aad,cpu1,1.138414705
"9/21/2022, 5:00:00.000 AM",lvm-hack22-aad,/subscriptions/de4b1e8f-ffc8-4de9-91c2-9b48c024e2b7/resourcegroups/rg-hack22-aad-general/providers/microsoft.compute/virtualmachines/lvm-hack22-aad,total,12.8886072
"9/21/2022, 5:00:00.000 AM",lvm-hack22-aad,/subscriptions/de4b1e8f-ffc8-4de9-91c2-9b48c024e2b7/resourcegroups/rg-hack22-aad-general/providers/microsoft.compute/virtualmachines/lvm-hack22-aad,cpu1,13.72141922
"9/21/2022, 5:00:00.000 AM",lvm-hack22-aad,/subscriptions/de4b1e8f-ffc8-4de9-91c2-9b48c024e2b7/resourcegroups/rg-hack22-aad-general/providers/microsoft.compute/virtualmachines/lvm-hack22-aad,cpu0,12.05635542
"9/21/2022, 5:15:00.000 AM",lvm-hack22-aad,/subscriptions/de4b1e8f-ffc8-4de9-91c2-9b48c024e2b7/resourcegroups/rg-hack22-aad-general/providers/microsoft.compute/virtualmachines/lvm-hack22-aad,total,1.16028658
"9/21/2022, 5:15:00.000 AM",lvm-hack22-aad,/subscriptions/de4b1e8f-ffc8-4de9-91c2-9b48c024e2b7/resourcegroups/rg-hack22-aad-general/providers/microsoft.compute/virtualmachines/lvm-hack22-aad,cpu0,1.15343932
"9/21/2022, 5:15:00.000 AM",lvm-hack22-aad,/subscriptions/de4b1e8f-ffc8-4de9-91c2-9b48c024e2b7/resourcegroups/rg-hack22-aad-general/providers/microsoft.compute/virtualmachines/lvm-hack22-aad,cpu1,1.169716505
"9/21/2022, 5:30:00.000 AM",lvm-hack22-aad,/subscriptions/de4b1e8f-ffc8-4de9-91c2-9b48c024e2b7/resourcegroups/rg-hack22-aad-general/providers/microsoft.compute/virtualmachines/lvm-hack22-aad,cpu0,1.034658166
"9/21/2022, 5:30:00.000 AM",lvm-hack22-aad,/subscriptions/de4b1e8f-ffc8-4de9-91c2-9b48c024e2b7/resourcegroups/rg-hack22-aad-general/providers/microsoft.compute/virtualmachines/lvm-hack22-aad,cpu1,0.945240402
"9/21/2022, 5:30:00.000 AM",lvm-hack22-aad,/subscriptions/de4b1e8f-ffc8-4de9-91c2-9b48c024e2b7/resourcegroups/rg-hack22-aad-general/providers/microsoft.compute/virtualmachines/lvm-hack22-aad,total,0.99106441
"9/21/2022, 5:45:00.000 AM",lvm-hack22-aad,/subscriptions/de4b1e8f-ffc8-4de9-91c2-9b48c024e2b7/resourcegroups/rg-hack22-aad-general/providers/microsoft.compute/virtualmachines/lvm-hack22-aad,total,1.039080955
"9/21/2022, 5:45:00.000 AM",lvm-hack22-aad,/subscriptions/de4b1e8f-ffc8-4de9-91c2-9b48c024e2b7/resourcegroups/rg-hack22-aad-general/providers/microsoft.compute/virtualmachines/lvm-hack22-aad,cpu1,0.993180859
"9/21/2022, 5:45:00.000 AM",lvm-hack22-aad,/subscriptions/de4b1e8f-ffc8-4de9-91c2-9b48c024e2b7/resourcegroups/rg-hack22-aad-general/providers/microsoft.compute/virtualmachines/lvm-hack22-aad,cpu0,1.08373516
"9/21/2022, 6:00:00.000 AM",lvm-hack22-aad,/subscriptions/de4b1e8f-ffc8-4de9-91c2-9b48c024e2b7/resourcegroups/rg-hack22-aad-general/providers/microsoft.compute/virtualmachines/lvm-hack22-aad,cpu1,0.967695367
"9/21/2022, 6:00:00.000 AM",lvm-hack22-aad,/subscriptions/de4b1e8f-ffc8-4de9-91c2-9b48c024e2b7/resourcegroups/rg-hack22-aad-general/providers/microsoft.compute/virtualmachines/lvm-hack22-aad,total,1.016149287
"9/21/2022, 6:00:00.000 AM",lvm-hack22-aad,/subscriptions/de4b1e8f-ffc8-4de9-91c2-9b48c024e2b7/resourcegroups/rg-hack22-aad-general/providers/microsoft.compute/virtualmachines/lvm-hack22-aad,cpu0,1.066641706
"9/21/2022, 6:15:00.000 AM",lvm-hack22-aad,/subscriptions/de4b1e8f-ffc8-4de9-91c2-9b48c024e2b7/resourcegroups/rg-hack22-aad-general/providers/microsoft.compute/virtualmachines/lvm-hack22-aad,cpu1,1.930442545
"9/21/2022, 6:15:00.000 AM",lvm-hack22-aad,/subscriptions/de4b1e8f-ffc8-4de9-91c2-9b48c024e2b7/resourcegroups/rg-hack22-aad-general/providers/microsoft.compute/virtualmachines/lvm-hack22-aad,cpu0,1.688713706
"9/21/2022, 6:15:00.000 AM",lvm-hack22-aad,/subscriptions/de4b1e8f-ffc8-4de9-91c2-9b48c024e2b7/resourcegroups/rg-hack22-aad-general/providers/microsoft.compute/virtualmachines/lvm-hack22-aad,total,1.809551296
"9/21/2022, 6:30:00.000 AM",lvm-hack22-aad,/subscriptions/de4b1e8f-ffc8-4de9-91c2-9b48c024e2b7/resourcegroups/rg-hack22-aad-general/providers/microsoft.compute/virtualmachines/lvm-hack22-aad,cpu1,0.933834382
"9/21/2022, 6:30:00.000 AM",lvm-hack22-aad,/subscriptions/de4b1e8f-ffc8-4de9-91c2-9b48c024e2b7/resourcegroups/rg-hack22-aad-general/providers/microsoft.compute/virtualmachines/lvm-hack22-aad,total,0.972730272
"9/21/2022, 6:30:00.000 AM",lvm-hack22-aad,/subscriptions/de4b1e8f-ffc8-4de9-91c2-9b48c024e2b7/resourcegroups/rg-hack22-aad-general/providers/microsoft.compute/virtualmachines/lvm-hack22-aad,cpu0,1.010306171
"9/21/2022, 6:45:00.000 AM",lvm-hack22-aad,/subscriptions/de4b1e8f-ffc8-4de9-91c2-9b48c024e2b7/resourcegroups/rg-hack22-aad-general/providers/microsoft.compute/virtualmachines/lvm-hack22-aad,cpu0,1.058243553
"9/21/2022, 6:45:00.000 AM",lvm-hack22-aad,/subscriptions/de4b1e8f-ffc8-4de9-91c2-9b48c024e2b7/resourcegroups/rg-hack22-aad-general/providers/microsoft.compute/virtualmachines/lvm-hack22-aad,cpu1,0.975310097
"9/21/2022, 6:45:00.000 AM",lvm-hack22-aad,/subscriptions/de4b1e8f-ffc8-4de9-91c2-9b48c024e2b7/resourcegroups/rg-hack22-aad-general/providers/microsoft.compute/virtualmachines/lvm-hack22-aad,total,1.016949243
"9/21/2022, 7:00:00.000 AM",lvm-hack22-aad,/subscriptions/de4b1e8f-ffc8-4de9-91c2-9b48c024e2b7/resourcegroups/rg-hack22-aad-general/providers/microsoft.compute/virtualmachines/lvm-hack22-aad,total,0.986757721
"9/21/2022, 7:00:00.000 AM",lvm-hack22-aad,/subscriptions/de4b1e8f-ffc8-4de9-91c2-9b48c024e2b7/resourcegroups/rg-hack22-aad-general/providers/microsoft.compute/virtualmachines/lvm-hack22-aad,cpu1,0.912772964
"9/21/2022, 7:00:00.000 AM",lvm-hack22-aad,/subscriptions/de4b1e8f-ffc8-4de9-91c2-9b48c024e2b7/resourcegroups/rg-hack22-aad-general/providers/microsoft.compute/virtualmachines/lvm-hack22-aad,cpu0,1.060583171
"9/21/2022, 7:15:00.000 AM",lvm-hack22-aad,/subscriptions/de4b1e8f-ffc8-4de9-91c2-9b48c024e2b7/resourcegroups/rg-hack22-aad-general/providers/microsoft.compute/virtualmachines/lvm-hack22-aad,total,0.991686466
"9/21/2022, 7:15:00.000 AM",lvm-hack22-aad,/subscriptions/de4b1e8f-ffc8-4de9-91c2-9b48c024e2b7/resourcegroups/rg-hack22-aad-general/providers/microsoft.compute/virtualmachines/lvm-hack22-aad,cpu0,0.999034558
"9/21/2022, 7:15:00.000 AM",lvm-hack22-aad,/subscriptions/de4b1e8f-ffc8-4de9-91c2-9b48c024e2b7/resourcegroups/rg-hack22-aad-general/providers/microsoft.compute/virtualmachines/lvm-hack22-aad,cpu1,0.985178429
"9/21/2022, 7:30:00.000 AM",lvm-hack22-aad,/subscriptions/de4b1e8f-ffc8-4de9-91c2-9b48c024e2b7/resourcegroups/rg-hack22-aad-general/providers/microsoft.compute/virtualmachines/lvm-hack22-aad,cpu1,0.95608925
"9/21/2022, 7:30:00.000 AM",lvm-hack22-aad,/subscriptions/de4b1e8f-ffc8-4de9-91c2-9b48c024e2b7/resourcegroups/rg-hack22-aad-general/providers/microsoft.compute/virtualmachines/lvm-hack22-aad,cpu0,0.962360128
"9/21/2022, 7:30:00.000 AM",lvm-hack22-aad,/subscriptions/de4b1e8f-ffc8-4de9-91c2-9b48c024e2b7/resourcegroups/rg-hack22-aad-general/providers/microsoft.compute/virtualmachines/lvm-hack22-aad,total,0.959226468
"9/21/2022, 7:45:00.000 AM",lvm-hack22-aad,/subscriptions/de4b1e8f-ffc8-4de9-91c2-9b48c024e2b7/resourcegroups/rg-hack22-aad-general/providers/microsoft.compute/virtualmachines/lvm-hack22-aad,cpu0,1.441114642
"9/21/2022, 7:45:00.000 AM",lvm-hack22-aad,/subscriptions/de4b1e8f-ffc8-4de9-91c2-9b48c024e2b7/resourcegroups/rg-hack22-aad-general/providers/microsoft.compute/virtualmachines/lvm-hack22-aad,total,1.305488
"9/21/2022, 7:45:00.000 AM",lvm-hack22-aad,/subscriptions/de4b1e8f-ffc8-4de9-91c2-9b48c024e2b7/resourcegroups/rg-hack22-aad-general/providers/microsoft.compute/virtualmachines/lvm-hack22-aad,cpu1,1.169446756
"9/21/2022, 8:00:00.000 AM",lvm-hack22-aad,/subscriptions/de4b1e8f-ffc8-4de9-91c2-9b48c024e2b7/resourcegroups/rg-hack22-aad-general/providers/microsoft.compute/virtualmachines/lvm-hack22-aad,cpu0,0.942019748
"9/21/2022, 8:00:00.000 AM",lvm-hack22-aad,/subscriptions/de4b1e8f-ffc8-4de9-91c2-9b48c024e2b7/resourcegroups/rg-hack22-aad-general/providers/microsoft.compute/virtualmachines/lvm-hack22-aad,total,0.970258631
"9/21/2022, 8:00:00.000 AM",lvm-hack22-aad,/subscriptions/de4b1e8f-ffc8-4de9-91c2-9b48c024e2b7/resourcegroups/rg-hack22-aad-general/providers/microsoft.compute/virtualmachines/lvm-hack22-aad,cpu1,0.996177341
"9/21/2022, 8:15:00.000 AM",lvm-hack22-aad,/subscriptions/de4b1e8f-ffc8-4de9-91c2-9b48c024e2b7/resourcegroups/rg-hack22-aad-general/providers/microsoft.compute/virtualmachines/lvm-hack22-aad,cpu1,1.013311473
"9/21/2022, 8:15:00.000 AM",lvm-hack22-aad,/subscriptions/de4b1e8f-ffc8-4de9-91c2-9b48c024e2b7/resourcegroups/rg-hack22-aad-general/providers/microsoft.compute/virtualmachines/lvm-hack22-aad,cpu0,0.971706929
"9/21/2022, 8:15:00.000 AM",lvm-hack22-aad,/subscriptions/de4b1e8f-ffc8-4de9-91c2-9b48c024e2b7/resourcegroups/rg-hack22-aad-general/providers/microsoft.compute/virtualmachines/lvm-hack22-aad,total,0.991860231
"9/21/2022, 8:30:00.000 AM",lvm-hack22-aad,/subscriptions/de4b1e8f-ffc8-4de9-91c2-9b48c024e2b7/resourcegroups/rg-hack22-aad-general/providers/microsoft.compute/virtualmachines/lvm-hack22-aad,cpu1,1.000673057
"9/21/2022, 8:30:00.000 AM",lvm-hack22-aad,/subscriptions/de4b1e8f-ffc8-4de9-91c2-9b48c024e2b7/resourcegroups/rg-hack22-aad-general/providers/microsoft.compute/virtualmachines/lvm-hack22-aad,cpu0,0.945621019
"9/21/2022, 8:30:00.000 AM",lvm-hack22-aad,/subscriptions/de4b1e8f-ffc8-4de9-91c2-9b48c024e2b7/resourcegroups/rg-hack22-aad-general/providers/microsoft.compute/virtualmachines/lvm-hack22-aad,total,0.972737081
"9/21/2022, 8:45:00.000 AM",lvm-hack22-aad,/subscriptions/de4b1e8f-ffc8-4de9-91c2-9b48c024e2b7/resourcegroups/rg-hack22-aad-general/providers/microsoft.compute/virtualmachines/lvm-hack22-aad,cpu0,1.03021569
"9/21/2022, 8:45:00.000 AM",lvm-hack22-aad,/subscriptions/de4b1e8f-ffc8-4de9-91c2-9b48c024e2b7/resourcegroups/rg-hack22-aad-general/providers/microsoft.compute/virtualmachines/lvm-hack22-aad,total,1.045763717
"9/21/2022, 8:45:00.000 AM",lvm-hack22-aad,/subscriptions/de4b1e8f-ffc8-4de9-91c2-9b48c024e2b7/resourcegroups/rg-hack22-aad-general/providers/microsoft.compute/virtualmachines/lvm-hack22-aad,cpu1,1.060123554
"9/21/2022, 9:00:00.000 AM",lvm-hack22-aad,/subscriptions/de4b1e8f-ffc8-4de9-91c2-9b48c024e2b7/resourcegroups/rg-hack22-aad-general/providers/microsoft.compute/virtualmachines/lvm-hack22-aad,cpu0,1.026697473
"9/21/2022, 9:00:00.000 AM",lvm-hack22-aad,/subscriptions/de4b1e8f-ffc8-4de9-91c2-9b48c024e2b7/resourcegroups/rg-hack22-aad-general/providers/microsoft.compute/virtualmachines/lvm-hack22-aad,total,1.005011785
"9/21/2022, 9:00:00.000 AM",lvm-hack22-aad,/subscriptions/de4b1e8f-ffc8-4de9-91c2-9b48c024e2b7/resourcegroups/rg-hack22-aad-general/providers/microsoft.compute/virtualmachines/lvm-hack22-aad,cpu1,0.983112942
"9/21/2022, 9:15:00.000 AM",lvm-hack22-aad,/subscriptions/de4b1e8f-ffc8-4de9-91c2-9b48c024e2b7/resourcegroups/rg-hack22-aad-general/providers/microsoft.compute/virtualmachines/lvm-hack22-aad,cpu0,1.098379918
"9/21/2022, 9:15:00.000 AM",lvm-hack22-aad,/subscriptions/de4b1e8f-ffc8-4de9-91c2-9b48c024e2b7/resourcegroups/rg-hack22-aad-general/providers/microsoft.compute/virtualmachines/lvm-hack22-aad,total,1.047878492
"9/21/2022, 9:15:00.000 AM",lvm-hack22-aad,/subscriptions/de4b1e8f-ffc8-4de9-91c2-9b48c024e2b7/resourcegroups/rg-hack22-aad-general/providers/microsoft.compute/virtualmachines/lvm-hack22-aad,cpu1,0.997349316
"9/21/2022, 9:30:00.000 AM",lvm-hack22-aad,/subscriptions/de4b1e8f-ffc8-4de9-91c2-9b48c024e2b7/resourcegroups/rg-hack22-aad-general/providers/microsoft.compute/virtualmachines/lvm-hack22-aad,total,1.012278462
"9/21/2022, 9:30:00.000 AM",lvm-hack22-aad,/subscriptions/de4b1e8f-ffc8-4de9-91c2-9b48c024e2b7/resourcegroups/rg-hack22-aad-general/providers/microsoft.compute/virtualmachines/lvm-hack22-aad,cpu0,1.021075845
"9/21/2022, 9:30:00.000 AM",lvm-hack22-aad,/subscriptions/de4b1e8f-ffc8-4de9-91c2-9b48c024e2b7/resourcegroups/rg-hack22-aad-general/providers/microsoft.compute/virtualmachines/lvm-hack22-aad,cpu1,1.003166261
"9/21/2022, 9:45:00.000 AM",lvm-hack22-aad,/subscriptions/de4b1e8f-ffc8-4de9-91c2-9b48c024e2b7/resourcegroups/rg-hack22-aad-general/providers/microsoft.compute/virtualmachines/lvm-hack22-aad,total,1.050892332
"9/21/2022, 9:45:00.000 AM",lvm-hack22-aad,/subscriptions/de4b1e8f-ffc8-4de9-91c2-9b48c024e2b7/resourcegroups/rg-hack22-aad-general/providers/microsoft.compute/virtualmachines/lvm-hack22-aad,cpu1,1.039899696
"9/21/2022, 9:45:00.000 AM",lvm-hack22-aad,/subscriptions/de4b1e8f-ffc8-4de9-91c2-9b48c024e2b7/resourcegroups/rg-hack22-aad-general/providers/microsoft.compute/virtualmachines/lvm-hack22-aad,cpu0,1.059531071
"9/21/2022, 10:00:00.000 AM",lvm-hack22-aad,/subscriptions/de4b1e8f-ffc8-4de9-91c2-9b48c024e2b7/resourcegroups/rg-hack22-aad-general/providers/microsoft.compute/virtualmachines/lvm-hack22-aad,cpu0,1.030425707
"9/21/2022, 10:00:00.000 AM",lvm-hack22-aad,/subscriptions/de4b1e8f-ffc8-4de9-91c2-9b48c024e2b7/resourcegroups/rg-hack22-aad-general/providers/microsoft.compute/virtualmachines/lvm-hack22-aad,total,1.001134151
"9/21/2022, 10:00:00.000 AM",lvm-hack22-aad,/subscriptions/de4b1e8f-ffc8-4de9-91c2-9b48c024e2b7/resourcegroups/rg-hack22-aad-general/providers/microsoft.compute/virtualmachines/lvm-hack22-aad,cpu1,0.974028711
"9/21/2022, 10:15:00.000 AM",lvm-hack22-aad,/subscriptions/de4b1e8f-ffc8-4de9-91c2-9b48c024e2b7/resourcegroups/rg-hack22-aad-general/providers/microsoft.compute/virtualmachines/lvm-hack22-aad,cpu1,1.026797023
"9/21/2022, 10:15:00.000 AM",lvm-hack22-aad,/subscriptions/de4b1e8f-ffc8-4de9-91c2-9b48c024e2b7/resourcegroups/rg-hack22-aad-general/providers/microsoft.compute/virtualmachines/lvm-hack22-aad,total,1.049348608
"9/21/2022, 10:15:00.000 AM",lvm-hack22-aad,/subscriptions/de4b1e8f-ffc8-4de9-91c2-9b48c024e2b7/resourcegroups/rg-hack22-aad-general/providers/microsoft.compute/virtualmachines/lvm-hack22-aad,cpu0,1.071626204
"9/21/2022, 10:30:00.000 AM",lvm-hack22-aad,/subscriptions/de4b1e8f-ffc8-4de9-91c2-9b48c024e2b7/resourcegroups/rg-hack22-aad-general/providers/microsoft.compute/virtualmachines/lvm-hack22-aad,cpu1,0.965452637
"9/21/2022, 10:30:00.000 AM",lvm-hack22-aad,/subscriptions/de4b1e8f-ffc8-4de9-91c2-9b48c024e2b7/resourcegroups/rg-hack22-aad-general/providers/microsoft.compute/virtualmachines/lvm-hack22-aad,cpu0,1.071002101
"9/21/2022, 10:30:00.000 AM",lvm-hack22-aad,/subscriptions/de4b1e8f-ffc8-4de9-91c2-9b48c024e2b7/resourcegroups/rg-hack22-aad-general/providers/microsoft.compute/virtualmachines/lvm-hack22-aad,total,1.018246761
"9/21/2022, 10:45:00.000 AM",lvm-hack22-aad,/subscriptions/de4b1e8f-ffc8-4de9-91c2-9b48c024e2b7/resourcegroups/rg-hack22-aad-general/providers/microsoft.compute/virtualmachines/lvm-hack22-aad,cpu0,1.106457296
"9/21/2022, 10:45:00.000 AM",lvm-hack22-aad,/subscriptions/de4b1e8f-ffc8-4de9-91c2-9b48c024e2b7/resourcegroups/rg-hack22-aad-general/providers/microsoft.compute/virtualmachines/lvm-hack22-aad,total,1.069056667
"9/21/2022, 10:45:00.000 AM",lvm-hack22-aad,/subscriptions/de4b1e8f-ffc8-4de9-91c2-9b48c024e2b7/resourcegroups/rg-hack22-aad-general/providers/microsoft.compute/virtualmachines/lvm-hack22-aad,cpu1,1.031495495
"9/21/2022, 11:00:00.000 AM",lvm-hack22-aad,/subscriptions/de4b1e8f-ffc8-4de9-91c2-9b48c024e2b7/resourcegroups/rg-hack22-aad-general/providers/microsoft.compute/virtualmachines/lvm-hack22-aad,cpu1,0.996726259
"9/21/2022, 11:00:00.000 AM",lvm-hack22-aad,/subscriptions/de4b1e8f-ffc8-4de9-91c2-9b48c024e2b7/resourcegroups/rg-hack22-aad-general/providers/microsoft.compute/virtualmachines/lvm-hack22-aad,cpu0,1.098463401
"9/21/2022, 11:00:00.000 AM",lvm-hack22-aad,/subscriptions/de4b1e8f-ffc8-4de9-91c2-9b48c024e2b7/resourcegroups/rg-hack22-aad-general/providers/microsoft.compute/virtualmachines/lvm-hack22-aad,total,1.048809946
"9/21/2022, 11:15:00.000 AM",lvm-hack22-aad,/subscriptions/de4b1e8f-ffc8-4de9-91c2-9b48c024e2b7/resourcegroups/rg-hack22-aad-general/providers/microsoft.compute/virtualmachines/lvm-hack22-aad,total,1.055403016
"9/21/2022, 11:15:00.000 AM",lvm-hack22-aad,/subscriptions/de4b1e8f-ffc8-4de9-91c2-9b48c024e2b7/resourcegroups/rg-hack22-aad-general/providers/microsoft.compute/virtualmachines/lvm-hack22-aad,cpu1,1.039071212
"9/21/2022, 11:15:00.000 AM",lvm-hack22-aad,/subscriptions/de4b1e8f-ffc8-4de9-91c2-9b48c024e2b7/resourcegroups/rg-hack22-aad-general/providers/microsoft.compute/virtualmachines/lvm-hack22-aad,cpu0,1.07276389
"9/21/2022, 11:30:00.000 AM",lvm-hack22-aad,/subscriptions/de4b1e8f-ffc8-4de9-91c2-9b48c024e2b7/resourcegroups/rg-hack22-aad-general/providers/microsoft.compute/virtualmachines/lvm-hack22-aad,cpu0,1.032821934
"9/21/2022, 11:30:00.000 AM",lvm-hack22-aad,/subscriptions/de4b1e8f-ffc8-4de9-91c2-9b48c024e2b7/resourcegroups/rg-hack22-aad-general/providers/microsoft.compute/virtualmachines/lvm-hack22-aad,cpu1,1.039588541
"9/21/2022, 11:30:00.000 AM",lvm-hack22-aad,/subscriptions/de4b1e8f-ffc8-4de9-91c2-9b48c024e2b7/resourcegroups/rg-hack22-aad-general/providers/microsoft.compute/virtualmachines/lvm-hack22-aad,total,1.036280204
"9/21/2022, 11:45:00.000 AM",lvm-hack22-aad,/subscriptions/de4b1e8f-ffc8-4de9-91c2-9b48c024e2b7/resourcegroups/rg-hack22-aad-general/providers/microsoft.compute/virtualmachines/lvm-hack22-aad,cpu0,1.082428589
"9/21/2022, 11:45:00.000 AM",lvm-hack22-aad,/subscriptions/de4b1e8f-ffc8-4de9-91c2-9b48c024e2b7/resourcegroups/rg-hack22-aad-general/providers/microsoft.compute/virtualmachines/lvm-hack22-aad,cpu1,1.081681207
"9/21/2022, 11:45:00.000 AM",lvm-hack22-aad,/subscriptions/de4b1e8f-ffc8-4de9-91c2-9b48c024e2b7/resourcegroups/rg-hack22-aad-general/providers/microsoft.compute/virtualmachines/lvm-hack22-aad,total,1.081101468
"9/21/2022, 12:00:00.000 PM",lvm-hack22-aad,/subscriptions/de4b1e8f-ffc8-4de9-91c2-9b48c024e2b7/resourcegroups/rg-hack22-aad-general/providers/microsoft.compute/virtualmachines/lvm-hack22-aad,cpu1,1.019714047
"9/21/2022, 12:00:00.000 PM",lvm-hack22-aad,/subscriptions/de4b1e8f-ffc8-4de9-91c2-9b48c024e2b7/resourcegroups/rg-hack22-aad-general/providers/microsoft.compute/virtualmachines/lvm-hack22-aad,total,1.074323968
"9/21/2022, 12:00:00.000 PM",lvm-hack22-aad,/subscriptions/de4b1e8f-ffc8-4de9-91c2-9b48c024e2b7/resourcegroups/rg-hack22-aad-general/providers/microsoft.compute/virtualmachines/lvm-hack22-aad,cpu0,1.127527646
"9/21/2022, 12:15:00.000 PM",lvm-hack22-aad,/subscriptions/de4b1e8f-ffc8-4de9-91c2-9b48c024e2b7/resourcegroups/rg-hack22-aad-general/providers/microsoft.compute/virtualmachines/lvm-hack22-aad,cpu1,1.008824853
"9/21/2022, 12:15:00.000 PM",lvm-hack22-aad,/subscriptions/de4b1e8f-ffc8-4de9-91c2-9b48c024e2b7/resourcegroups/rg-hack22-aad-general/providers/microsoft.compute/virtualmachines/lvm-hack22-aad,total,1.067314106
"9/21/2022, 12:15:00.000 PM",lvm-hack22-aad,/subscriptions/de4b1e8f-ffc8-4de9-91c2-9b48c024e2b7/resourcegroups/rg-hack22-aad-general/providers/microsoft.compute/virtualmachines/lvm-hack22-aad,cpu0,1.126651939
"9/21/2022, 12:30:00.000 PM",lvm-hack22-aad,/subscriptions/de4b1e8f-ffc8-4de9-91c2-9b48c024e2b7/resourcegroups/rg-hack22-aad-general/providers/microsoft.compute/virtualmachines/lvm-hack22-aad,cpu1,0.992103522
"9/21/2022, 12:30:00.000 PM",lvm-hack22-aad,/subscriptions/de4b1e8f-ffc8-4de9-91c2-9b48c024e2b7/resourcegroups/rg-hack22-aad-general/providers/microsoft.compute/virtualmachines/lvm-hack22-aad,total,0.997752871
"9/21/2022, 12:30:00.000 PM",lvm-hack22-aad,/subscriptions/de4b1e8f-ffc8-4de9-91c2-9b48c024e2b7/resourcegroups/rg-hack22-aad-general/providers/microsoft.compute/virtualmachines/lvm-hack22-aad,cpu0,1.001022261
"9/21/2022, 12:45:00.000 PM",lvm-hack22-aad,/subscriptions/de4b1e8f-ffc8-4de9-91c2-9b48c024e2b7/resourcegroups/rg-hack22-aad-general/providers/microsoft.compute/virtualmachines/lvm-hack22-aad,total,1.078247338
"9/21/2022, 12:45:00.000 PM",lvm-hack22-aad,/subscriptions/de4b1e8f-ffc8-4de9-91c2-9b48c024e2b7/resourcegroups/rg-hack22-aad-general/providers/microsoft.compute/virtualmachines/lvm-hack22-aad,cpu0,1.143482347
"9/21/2022, 12:45:00.000 PM",lvm-hack22-aad,/subscriptions/de4b1e8f-ffc8-4de9-91c2-9b48c024e2b7/resourcegroups/rg-hack22-aad-general/providers/microsoft.compute/virtualmachines/lvm-hack22-aad,cpu1,1.015030655
"9/21/2022, 1:00:00.000 PM",lvm-hack22-aad,/subscriptions/de4b1e8f-ffc8-4de9-91c2-9b48c024e2b7/resourcegroups/rg-hack22-aad-general/providers/microsoft.compute/virtualmachines/lvm-hack22-aad,cpu0,1.058134178
"9/21/2022, 1:00:00.000 PM",lvm-hack22-aad,/subscriptions/de4b1e8f-ffc8-4de9-91c2-9b48c024e2b7/resourcegroups/rg-hack22-aad-general/providers/microsoft.compute/virtualmachines/lvm-hack22-aad,total,1.044123625
"9/21/2022, 1:00:00.000 PM",lvm-hack22-aad,/subscriptions/de4b1e8f-ffc8-4de9-91c2-9b48c024e2b7/resourcegroups/rg-hack22-aad-general/providers/microsoft.compute/virtualmachines/lvm-hack22-aad,cpu1,1.028484841
"9/21/2022, 1:15:00.000 PM",lvm-hack22-aad,/subscriptions/de4b1e8f-ffc8-4de9-91c2-9b48c024e2b7/resourcegroups/rg-hack22-aad-general/providers/microsoft.compute/virtualmachines/lvm-hack22-aad,cpu0,1.126824357
"9/21/2022, 1:15:00.000 PM",lvm-hack22-aad,/subscriptions/de4b1e8f-ffc8-4de9-91c2-9b48c024e2b7/resourcegroups/rg-hack22-aad-general/providers/microsoft.compute/virtualmachines/lvm-hack22-aad,cpu1,1.287513392
"9/21/2022, 1:15:00.000 PM",lvm-hack22-aad,/subscriptions/de4b1e8f-ffc8-4de9-91c2-9b48c024e2b7/resourcegroups/rg-hack22-aad-general/providers/microsoft.compute/virtualmachines/lvm-hack22-aad,total,1.20559134
